GPS1,GPS2,Species,Group,Time,General Location,Comments 
206334,62056,Redtails,KUS,NA,D/Karambi,
206230,62091,Redtails,KUS,NA,C/6,
206230,62091,Redtails,KUS,NA,C/6,
206230,62091,Redtails,KUS,NA,C/6,
206334,62056,Redtails,KUS,NA,D/Karambi,
206366,62055,Redtails,KUS,NA,E/7,
206469,62071,Redtails,KUS,NA,G/9,
206473,62074,Redtails,KUS,NA,G/9,
206527,62162,Redtails,KUS,NA,F/11,
206527,62162,Redtails,KUS,NA,F/11,
206527,62162,Redtails,KUS,NA,F/11,
206548,62277,Redtails,KUS,NA,Butanzi,
206464,62206,Redtails,KUS,NA,C/10,
206328,62155,Redtails,KUS,NA,C/Karambi,
206250,62183,Redtails,KUS,NA,B/7,
206339,62285,Redtails,KUS,NA,B/Karambi,
205990,62546,Redtails,SUK,NA,Q/9,
206060,62585,Redtails,SUK,NA,P/11,
206012,62672,Redtails,SUK,NA,O/11,
206012,62672,Redtails,SUK,NA,O/11,
206123,62745,Redtails,SUK,NA,P/13,
206156,62736,Redtails,SUK,NA,Q/14,
206156,62736,Redtails,SUK,NA,P/14,
206174,62738,Redtails,SUK,NA,Q/14,
206239,62749,Redtails,SUK,NA,Q/16,
206201,62650,Redtails,SUK,NA,R/13,
206201,62650,Redtails,SUK,NA,R/13,
206201,62650,Redtails,SUK,NA,R/13,
206352,62677,Redtails,SUK,NA,S/16,
206378,62515,Redtails,SUK,NA,X/14,
206382,62450,Redtails,SUK,NA,Y/13,
206408,62605,Redtails,SUK,NA,V/16,
206408,62605,Redtails,SUK,NA,V/16,
206390,62688,Redtails,SUK,NA,T/17,
205341,62720,Redtails,SUK,NA,S/17,
205341,62720,Redtails,SUK,NA,P/14,
206012,62675,Redtails,SUK,NA,O/10,
206012,62675,Redtails,SUK,NA,O/10,
206012,62675,Redtails,SUK,NA,O/10,
206249,62540,Redtails,SUK,NA,T/13,
206290,62504,Redtails,SUK,NA,R/13,
206335,62559,Redtails,SUK,NA,R/14,
206386,62746,Redtails,SUK,NA,R/18,
206386,62746,Redtails,SUK,NA,R/18,
206325,62698,Redtails,SUK,NA,S/16,
206250,62594,Redtails,SUK,NA,S/13,
206250,62594,Redtails,SUK,NA,S/13,
206158,62570,Redtails,SUK,NA,S/11,
206230,62639,Redtails,SUK,NA,S/13,
206230,62639,Redtails,SUK,NA,S/13,
206230,62639,Redtails,SUK,NA,S/13,
206097,62520,Redtails,SUK,NA,S/9,
206097,62520,Redtails,SUK,NA,S/9,
205958,62455,Redtails,SUK,NA,Q/6,
205916,62485,Redtails,SUK,NA,Q/Karambi,
205775,62387,Redtails,SUK,NA,Blaze,
205771,62381,Redtails,KYO,NA,Trawl/1,
205729,62357,Redtails,KYO,NA,Middle camp,
205646,62468,Redtails,KYO,NA,Nursory,
205607,62507,Redtails,KYO,NA,Nursory logged,
205607,62507,Redtails,KYO,NA,Nursory logged,
205607,62507,Redtails,KYO,NA,Nursory logged,
205646,62468,Redtails,KYO,NA,Nursory,
205646,62468,Redtails,KYO,NA,Nursory,
205729,62357,Redtails,KYO,NA,Middle camp,
205676,62203,Redtails,KYO,NA,OPP middle camp logged,
205676,62203,Redtails,KYO,NA,OPP middle camp logged,
205676,62203,Redtails,KYO,NA,OPP middle camp logged,
205759,62320,Redtails,KYO,NA,middle camp,
205825,62215,Redtails,KYO,NA,MUBFS,
205825,62215,Redtails,KYO,NA,MUBFS,
205825,62215,Redtails,KYO,NA,MUBFS,
205900,62170,Redtails,KYO,NA,Baboon trail,
205900,62170,Redtails,KYO,NA,Baboon trail,
205900,62170,Redtails,KYO,NA,Baboon trail,
205900,62170,Redtails,KYO,NA,Baboon trail,
205900,62170,Redtails,KYO,NA,Baboon trail,
205772,62310,Redtails,KYO,NA,Middle camp,
205772,62310,Redtails,KYO,NA,Middle camp,
205661,62387,Redtails,KYO,NA,Nursery logged,
205568,62304,Redtails,KYO,NA,Tea swamp trail,
205568,62304,Redtails,KYO,NA,Tea swamp trail,
205568,62304,Redtails,KYO,NA,Tea swamp trail,
205568,62304,Redtails,KYO,NA,Tea swamp trail,
205476,62369,Redtails,KYO,NA,Tea swamp trail,
205476,62369,Redtails,KYO,NA,Tea swamp trail,
205704,62306,Redtails,KYO,NA,middle camp,Group lost
205704,62306,Redtails,KYO,NA,middle camp,
205573,62219,Redtails,KYO,NA,park boundary,
206364,62319,Redtails,KUS,NA,Karambi Rd,
206364,62319,Redtails,KUS,NA,Karambi Rd,
206486,62621,Redtails,KUS,NA,V/17,
206486,62621,Redtails,KUS,NA,V/17,
206486,62621,Redtails,KUS,NA,V/17,
206358,62428,Redtails,KUS,NA,Z/12,
206358,62428,Redtails,KUS,NA,Z/12,
206358,62428,Redtails,KUS,NA,Z/12,
206319,62103,Redtails,KUS,NA,Karambi Rd.,
206319,62103,Redtails,KUS,NA,Karambi Rd.,
206319,62103,Redtails,KUS,NA,Karambi Rd.,
206319,62103,Redtails,KUS,NA,Karambi Rd.,
206274,62135,Redtails,KUS,NA,C/7,
206294,62089,Redtails,KUS,NA,D/7,
206228,62116,Redtails,KUS,NA,D/6,
206287,62282,Redtails,KUS,NA,Z/9,
206236,62412,Redtails,KUS,NA,W/10,
206300,62507,Redtails,KUS,NA,T/13,
206300,62507,Redtails,KUS,NA,T/13,
206300,62507,Redtails,KUS,NA,T/13,
206300,62507,Redtails,KUS,NA,T/13,
206300,62507,Redtails,KUS,NA,T/13,
206300,62507,Redtails,KUS,NA,T/13,
205859,62499,Redtails,SUK,NA,Karambi rd.,
205859,62499,Redtails,SUK,NA,Karambi rd.,
205859,62499,Redtails,SUK,NA,Karambi rd.,
205859,62499,Redtails,SUK,NA,Karambi rd.,
205859,62499,Redtails,SUK,NA,Karambi rd.,
205859,62499,Redtails,SUK,NA,Karambi rd.,
205859,62499,Redtails,SUK,NA,Karambi rd.,
205875,62545,Redtails,SUK,NA,Logged Neau trail/12,
205875,62545,Redtails,SUK,NA,Logged Neau trail/12,
205875,62545,Redtails,SUK,NA,Logged Neau trail/12,
205875,62545,Redtails,SUK,NA,Logged Neau trail/12,
205875,62545,Redtails,SUK,NA,Logged Neau trail/12,
205969,62604,Redtails,SUK,NA,Census rd.,
206001,62530,Redtails,SUK,NA,Q/Karambi,
205886,62516,Redtails,SUK,NA,Q/10,
205886,62516,Redtails,SUK,NA,Karambi rd.,
205886,62516,Redtails,SUK,NA,Karambi rd.,
205886,62516,Redtails,SUK,NA,Karambi rd.,
205852,62426,Redtails,SUK,NA,Trail 4/Karambi,
205852,62426,Redtails,SUK,NA,Trail 4/Karambi,
205852,62426,Redtails,SUK,NA,Trail 4/Karambi,
205852,62426,Redtails,SUK,NA,Trail 4/Karambi,
205969,62604,Redtails,SUK,NA,Census rd.,
205969,62604,Redtails,SUK,NA,Census rd.,
206044,62503,Redtails,SUK,NA,R/Karambi,
206020,62391,Redtails,SUK,NA,S/8,
206020,62391,Redtails,SUK,NA,S/8,
205913,62432,Redtails,SUK,NA,Q/5,
205843,62507,Redtails,SUK,NA,Karambi rd.,
205843,62507,Redtails,SUK,NA,Karambi rd.,
205965,62600,Redtails,SUK,NA,Census rd.,
206111,62631,Redtails,SUK,NA,Q/11,
206133,62640,Redtails,SUK,NA,Q/12,
206133,62640,Redtails,SUK,NA,Q/12,
206133,62640,Redtails,SUK,NA,Q/12,
205728,62360,Redtails,KYO,NA,Nursery rd.,
205853,62191,Redtails,KYO,NA,MUBFS,
205853,62191,Redtails,KYO,NA,MUBFS,
205871,62309,Redtails,KYO,NA,R/Blaze,
205871,62309,Redtails,KYO,NA,R/Blaze,
205906,62200,Redtails,KYO,NA,Baboon trail/MUBFS,
205906,62200,Redtails,KYO,NA,Baboon trail/MUBFS,
205853,62191,Redtails,KYO,NA,MUBFS,
205853,62191,Redtails,KYO,NA,MUBFS,
205853,62191,Redtails,KYO,NA,MUBFS,
205853,62191,Redtails,KYO,NA,MUBFS,
205853,62191,Redtails,KYO,NA,MUBFS,
205690,62626,Redtails,KYO,NA,Trail/13,
205681,62753,Redtails,KYO,NA,Mikana logged,
205787,62780,Redtails,KYO,NA,Mikana logged,
205787,62780,Redtails,KYO,NA,Mikana logged,
205787,62780,Redtails,KYO,NA,Mikana logged,
205808,62543,Redtails,KYO,NA,Trail/12,
205808,62543,Redtails,KYO,NA,Trail/12,
205775,62506,Redtails,KYO,NA,Basuta house,
205775,62506,Redtails,KYO,NA,Basuta house,
205775,62506,Redtails,KYO,NA,Basuta house,
205690,62626,Redtails,KYO,NA,Trail/13,
205690,62626,Redtails,KYO,NA,Trail/13,
205425,62422,Redtails,KYO,NA,Tea-swamp,
205425,62422,Redtails,KYO,NA,Tea-swamp,
205558,62257,Redtails,KYO,NA,Park-boundary,
205715,62245,Redtails,KYO,NA,Middle camp,
205715,62245,Redtails,KYO,NA,Middle camp,
205715,62245,Redtails,KYO,NA,Middle camp,
205715,62245,Redtails,KYO,NA,Middle camp,
205715,62245,Redtails,KYO,NA,Middle camp,
205715,62245,Redtails,KYO,NA,Middle camp,
205817,62751,Redtails,KYO,NA,Mikana logged,
205619,62663,Redtails,KYO,NA,Mikana logged,
205619,62663,Redtails,KYO,NA,Mikana logged,
205619,62663,Redtails,KYO,NA,Mikana logged,
205598,62605,Redtails,KYO,NA,NA,
205598,62605,Redtails,KYO,NA,NA,
205614,62550,Redtails,KYO,NA,Nursary,
205614,62550,Redtails,KYO,NA,Nursary,
206149,62636,Redtails,BATEKAINE,NA,R/11,High canopy area 
206149,62636,Redtails,BATEKAINE,NA,R/11,
206106,62548,Redtails,BATEKAINE,NA,R/10,
206106,62548,Redtails,BATEKAINE,NA,R/10,
205985,62562,Redtails,BATEKAINE,NA,Census rd./Q8,
205985,62562,Redtails,BATEKAINE,NA,Census rd./Q9,
205985,62562,Redtails,BATEKAINE,NA,Census rd./Q10,
205985,62562,Redtails,BATEKAINE,NA,Census rd./Q11,
205985,62562,Redtails,BATEKAINE,NA,Census rd./Q12,
205985,62562,Redtails,BATEKAINE,NA,Census rd./Q13,
206106,62548,Redtails,BATEKAINE,NA,R/10,
206106,62548,Redtails,BATEKAINE,NA,R/11,
206106,62548,Redtails,BATEKAINE,NA,R/12,
206138,62544,Redtails,BATEKAINE,NA,S/11,Group found 
206188,62607,Redtails,BATEKAINE,NA,R/12,
206188,62607,Redtails,BATEKAINE,NA,R/12,Same location 
206188,62607,Redtails,BATEKAINE,NA,R/12,Same location 
206188,62607,Redtails,BATEKAINE,NA,R/12,Same location 
206188,62607,Redtails,BATEKAINE,NA,R/12,Same location 
206116,62560,Redtails,BATEKAINE,NA,S/9,
206116,62560,Redtails,BATEKAINE,NA,S/9,
206116,62560,Redtails,BATEKAINE,NA,S/9,
206116,62560,Redtails,BATEKAINE,NA,S/9,
206116,62560,Redtails,BATEKAINE,NA,S/9,
206116,62560,Redtails,BATEKAINE,NA,S/9,
206142,62615,Redtails,BATEKAINE,NA,R/12,Cloudy 
206142,62615,Redtails,BATEKAINE,NA,R/12,Cloudy 
206142,62615,Redtails,BATEKAINE,NA,R/12,Raining 
206142,62615,Redtails,BATEKAINE,NA,R/12,Raining 
206142,62615,Redtails,BATEKAINE,NA,R/12,Drizzling 
206142,62615,Redtails,BATEKAINE,NA,R/10,GPS- ran out of batteries 
206142,62615,Redtails,BATEKAINE,NA,R/10,Cloudy 
206142,62615,Redtails,BATEKAINE,NA,R/10,Partly cloudy
206142,62615,Redtails,BATEKAINE,NA,R/10,Partly cloudy 
206142,62615,Redtails,BATEKAINE,NA,R/9,Sunny
206142,62615,Redtails,BATEKAINE,NA,R/9,Sunny
206142,62615,Redtails,BATEKAINE,NA,R/9,Partly cloudy 
206142,62615,Redtails,BATEKAINE,NA,R/9,
205672,62522,Redtails,Camp,NA,Opp. chapmans house ,
205672,62522,Redtails,Camp,NA,Opp. chapmans house ,
205672,62522,Redtails,Camp,NA,Opp. chapmans house ,
205672,62522,Redtails,Camp,NA,Opp. chapmans house ,
205672,62522,Redtails,Camp,NA,Opp. chapmans house ,
205672,62522,Redtails,Camp,NA,Opp. chapmans house ,
205672,62522,Redtails,Camp,NA,Opp. chapmans house ,
205672,62522,Redtails,Camp,NA,Bhd. chapmans lab ,GPS not done because of rain 
205687,62607,Redtails,Camp,NA,Bhd. chapmans lab ,
205687,62607,Redtails,Camp,NA,Bhd. chapmans lab ,
205687,62607,Redtails,Camp,NA,Bhd. chapmans lab ,
205687,62615,Redtails,Camp,NA,Behind chapmans lab,Group found same location 
205687,62615,Redtails,Camp,NA,Behind chapmans lab,
205687,62615,Redtails,Camp,NA,Behind chapmans lab,
205687,62615,Redtails,Camp,NA,Behind chapmans lab,
205687,62615,Redtails,Camp,NA,Behind chapmans lab,
205687,62615,Redtails,Camp,NA,Behind chapmans lab,
205687,62615,Redtails,Camp,NA,Behind chapmans lab,
205687,62615,Redtails,Camp,NA,Behind chapmans lab,
205676,62659,Redtails,Camp,NA,mikana logged/ eco health ,
205676,62659,Redtails,Camp,NA,mikana logged/ eco health ,
205676,62659,Redtails,Camp,NA,mikana logged/ eco health ,
205676,62659,Redtails,Camp,NA,mikana logged/ eco health ,
205676,62659,Redtails,Camp,NA,mikana logged/ eco health ,
205660,62688,Redtails,Camp,NA,"Bhd, Eco-helathy (logged area) ",Logged area 
205660,62688,Redtails,Camp,NA,"Bhd, Eco-helathy (logged area) ",
205660,62688,Redtails,Camp,NA,"Bhd, Eco-helathy (logged area) ",
206779,62647,Redtails,Camp,NA,Bhd. KCP (logged area) ,
205872,62532,Redtails,Camp,NA,Opp. Trail 6 Karambi ,Group found 
205850,62505,Redtails,Camp,NA,Opp. Trail 6 Karambi ,
205850,62505,Redtails,Camp,NA,Opp. Trail 6 Karambi ,
205850,62505,Redtails,Camp,NA,Opp. Trail 6 Karambi ,
205850,62505,Redtails,Camp,NA,Opp. Trail 6 Karambi ,
205850,62505,Redtails,Camp,NA,Opp. Trail 6 Karambi ,
205850,62505,Redtails,Camp,NA,Opp. Trail 6 Karambi ,
205850,62505,Redtails,Camp,NA,Opp. Trail 6 Karambi ,
205850,62505,Redtails,Camp,NA,Opp. Trail 6 Karambi ,
205878,62532,Redtails,Camp,NA,Opp Trail 6/ Karambi ,
205878,62532,Redtails,Camp,NA,Opp Trail 6/ Karambi ,
205878,62532,Redtails,Camp,NA,Opp Trail 6/ Karambi ,
205878,62532,Redtails,Camp,NA,Opp Trail 6/ Karambi ,
205878,62532,Redtails,Camp,NA,Opp Trail 6/ Karambi ,
205878,62532,Redtails,Camp,NA,Opp Trail 6/ Karambi ,
205878,62532,Redtails,Camp,NA,Trail 7/ Karambi Rd,
205941,62513,Redtails,Camp,NA,Trail 7/ Karambi Rd,
205941,62513,Redtails,Camp,NA,Trail 7/ Karambi Rd,
205941,62513,Redtails,Camp,NA,Trail 7/ Karambi Rd,
205941,62513,Redtails,Camp,NA,Trail 7/ Karambi Rd,
205941,62513,Redtails,Camp,NA,Opp Trail 6/ Karambi ,
205941,62513,Redtails,Camp,NA,Opp Trail 6/ Karambi ,
205904,61995,Redtails,ZIKURU,NA,Baboon /MUBFS TANK,Group found 
205904,61995,Redtails,ZIKURU,NA,Baboon /MUBFS TANK,
205904,61995,Redtails,ZIKURU,NA,Baboon /MUBFS TANK,
205904,61995,Redtails,ZIKURU,NA,Baboon /MUBFS TANK,
205098,61936,Redtails,ZIKURU,NA,Behind baboon trail ,
205098,61936,Redtails,ZIKURU,NA,Behind baboon trail ,
205098,61936,Redtails,ZIKURU,NA,Behind baboon trail ,
205098,61936,Redtails,ZIKURU,NA,Behind baboon trail ,
205098,61936,Redtails,ZIKURU,NA,Baboon/ MUBFS Tank ,
205098,61936,Redtails,ZIKURU,NA,Behind baboon trail ,
205880,62025,Redtails,ZIKURU,NA,MUBFS TANK/ BBN,"Group found same location, they haven't moved "
205880,62025,Redtails,ZIKURU,NA,MUBFS TANK/ BBN,
205880,62025,Redtails,ZIKURU,NA,MUBFS TANK/ BBN,
205880,62025,Redtails,ZIKURU,NA,MUBFS TANK/ BBN,
205880,62025,Redtails,ZIKURU,NA,MUBFS TANK/ BBN,
205880,62025,Redtails,ZIKURU,NA,MUBFS TANK/ BBN,
205880,62025,Redtails,ZIKURU,NA,MUBFS TANK/ BBN,
205880,62025,Redtails,ZIKURU,NA,MUBFS TANK/ BBN,
205880,62025,Redtails,ZIKURU,NA,MUBFS TANK/ BBN,
205880,62025,Redtails,ZIKURU,NA,MUBFS TANK/ BBN,
205880,62025,Redtails,ZIKURU,NA,MUBFS TANK/ BBN,
205880,62025,Redtails,ZIKURU,NA,MUBFS TANK/ Baboon trail ,
205847,62198,Redtails,KASEMBO,NA,MUBFS (Balanites Trees),Cloudy/Drizzling 
205847,62198,Redtails,KASEMBO,NA,MUBFS (Balanites Trees),
205847,62198,Redtails,KASEMBO,NA,MUBFS (Balanites Trees),
205847,62198,Redtails,KASEMBO,NA,MUBFS (Balanites Trees),
205925,62162,Redtails,KASEMBO,NA,W/Bbn Trail ,
205925,62162,Redtails,KASEMBO,NA,W/Bbn Trail ,
205925,62162,Redtails,KASEMBO,NA,W/Bbn Trail ,
205831,62067,Redtails,KASEMBO,NA,MUBFS Dormestories ,
205831,62067,Redtails,KASEMBO,NA,Behind white houses latrine ,
205831,62067,Redtails,KASEMBO,NA,Behind white houses latrine ,
205831,62067,Redtails,KASEMBO,NA,Behind white houses latrine ,
205801,62027,Redtails,KASEMBO,NA,LOC: White house ,
205801,62027,Redtails,KASEMBO,NA,LOC: White house ,
205801,62027,Redtails,KASEMBO,NA,LOC: White house ,
205838,62054,Redtails,KASEMBO,NA,MUBFS DOM,
205838,62054,Redtails,KASEMBO,NA,MUBFS DOM,
205838,62054,Redtails,KASEMBO,NA,MUBFS DOM,
205838,62054,Redtails,KASEMBO,NA,LOC White house ,Back to group found
205838,62054,Redtails,KASEMBO,NA,LOC White house ,
205838,62054,Redtails,KASEMBO,NA,LOC White house ,
205838,62054,Redtails,KASEMBO,NA,LOC White house ,
205838,62054,Redtails,KASEMBO,NA,LOC White house ,
205838,62054,Redtails,KASEMBO,NA,LOC White house ,
205826,62065,Redtails,KASEMBO,NA,MUBFS ,Group found
205826,62065,Redtails,KASEMBO,NA,MUBFS ,
205826,62065,Redtails,KASEMBO,NA,MUBFS ,
205826,62065,Redtails,KASEMBO,NA,MUBFS ,
205826,62065,Redtails,KASEMBO,NA,MUBFS ,
205826,62065,Redtails,KASEMBO,NA,MUBFS ,
205867,61974,Redtails,KASEMBO,NA,Baboon trail/ Tanks,
205867,61974,Redtails,KASEMBO,NA,Baboon trail/ MUBFS Tanks,Same Location 
205867,61974,Redtails,KASEMBO,NA,Baboon trail/ MUBFS Tanks,
205867,61974,Redtails,KASEMBO,NA,Baboon trail/ MUBFS Tanks,
205867,61974,Redtails,KASEMBO,NA,Baboon trail/ MUBFS Tanks,
205867,61974,Redtails,KASEMBO,NA,Baboon trail/ MUBFS Tanks,
205885,62075,Redtails,KASEMBO,NA,Bhd MUBFS dorms ,
205885,62075,Redtails,KASEMBO,NA,Bhd MUBFS dorms ,
205885,62075,Redtails,KASEMBO,NA,Bhd MUBFS dorms ,
205885,62075,Redtails,KASEMBO,NA,Bhd MUBFS dorms ,
205960,62024,Redtails,KASEMBO,NA,Z/1,
205960,62024,Redtails,KASEMBO,NA,Z/1,GPS Satellites failed 
206035,62104,Redtails,KASEMBO,NA,Z/ Blaze,
206035,62104,Redtails,KASEMBO,NA,Z/ Blaze,
206035,62104,Redtails,KASEMBO,NA,Z/ Blaze,
206035,62104,Redtails,KASEMBO,NA,Z/ Blaze,
206035,62104,Redtails,KASEMBO,NA,Z/ Blaze,
206035,62104,Redtails,KASEMBO,NA,Z/ Blaze,
205952,62113,Redtails,KASEMBO,NA,Z/ extenstion ,Group found in same location and stayed in same location 
205952,62113,Redtails,KASEMBO,NA,Z/ extenstion ,
205952,62113,Redtails,KASEMBO,NA,Z/ extenstion ,
205952,62113,Redtails,KASEMBO,NA,Z/ extenstion ,
205952,62113,Redtails,KASEMBO,NA,Z/ extenstion ,
205952,62113,Redtails,KASEMBO,NA,Z/ extenstion ,
205952,62113,Redtails,KASEMBO,NA,Z/ extenstion ,
205952,62113,Redtails,KASEMBO,NA,Z/ extenstion ,
205952,62113,Redtails,KASEMBO,NA,Z/ extenstion ,
205952,62113,Redtails,KASEMBO,NA,Z/ extenstion ,
205952,62113,Redtails,KASEMBO,NA,Z/ extenstion ,
205952,62113,Redtails,KASEMBO,NA,Z/ extenstion ,
205831,62618,Black and whites,Camp,NA,Logged area behind KCP,
205831,62618,Black and whites,,NA,Logged area behind KCP,
205831,62618,Black and whites,,NA,Logged area behind KCP,
205717,62490,Black and whites,,NA,Logged area behind KCP,
205717,62490,Black and whites,,NA,Logged area behind KCP,
205717,62490,Black and whites,,NA,Logged area behind KCP,
205717,62490,Black and whites,,NA,Logged area behind KCP,
205717,62490,Black and whites,,NA,Logged area behind KCP,
205717,62490,Black and whites,,NA,Logged area behind KCP,
205717,62490,Black and whites,,NA,Logged area behind KCP,
205717,62490,Black and whites,,NA,Logged area behind KCP,
205717,62490,Black and whites,,NA,Logged area behind KCP,
205793,62528,Black and whites,Camp,NA,Behind basuta's house,
205793,62528,Black and whites,,NA,Behind basuta's house,
205793,62528,Black and whites,,NA,Behind basuta's house,
205793,62528,Black and whites,,NA,Behind basuta's house,
205727,62364,Black and whites,,NA,middle camp/karambi rd.,
205727,62364,Black and whites,,NA,middle camp/karambi rd.,
205727,62364,Black and whites,,NA,middle camp/karambi rd.,
205727,62364,Black and whites,,NA,middle camp/karambi rd.,
205727,62364,Black and whites,,NA,middle camp/karambi rd.,
205727,62364,Black and whites,,NA,middle camp/karambi rd.,
205727,62364,Black and whites,,NA,middle camp/karambi rd.,
205727,62364,Black and whites,,NA,middle camp/karambi rd.,
205772,62349,Black and whites,Camp,NA,Trail 3/middle camp,
205772,62349,Black and whites,,NA,Trail 3/middle camp,
205772,62349,Black and whites,,NA,Trail 3/middle camp,
205772,62349,Black and whites,,NA,Trail 3/middle camp,
205772,62349,Black and whites,,NA,Trail 3/middle camp,
205772,62349,Black and whites,,NA,Trail 3/middle camp,
205772,62349,Black and whites,,NA,Trail 3/middle camp,
205772,62349,Black and whites,,NA,Trail 3/middle camp,
205833,62444,Black and whites,,NA,Trail 4,
205833,62444,Black and whites,,NA,Trail 4,
205833,62444,Black and whites,,NA,Trail 4,
205833,62444,Black and whites,,NA,Trail 4,
205752,62475,Black and whites,,NA,Basuta's house,
205444,62484,Black and whites,Camp,NA,Basuta's house,
205444,62484,Black and whites,,NA,Basuta's house,
205444,62484,Black and whites,,NA,Basuta's house,
205444,62484,Black and whites,,NA,Basuta's house,
205444,62484,Black and whites,,NA,Basuta's house,
205702,62435,Black and whites,,NA,Road to Patrick's house,
205702,62435,Black and whites,,NA,Road to Patrick's house,
205702,62435,Black and whites,,NA,Road to Patrick's house,
205702,62435,Black and whites,,NA,Road to Patrick's house,
205702,62435,Black and whites,,NA,Road to Patrick's house,
205444,62484,Black and whites,,NA,Basuta's house,
205444,62484,Black and whites,,NA,Basuta's house,
205444,62484,Black and whites,,NA,Basuta's house,
205822,62262,Black and whites,ZUK,NA,R Extension/Blaze,
205822,62262,Black and whites,,NA,R Extension/Blaze,
205822,62262,Black and whites,,NA,R Extension/Blaze,
205790,62308,Black and whites,,NA,Blaze trail,
205790,62308,Black and whites,,NA,Blaze trail,
205790,62308,Black and whites,,NA,Blaze trail,
205790,62308,Black and whites,,NA,Blaze trail,
205790,62308,Black and whites,,NA,Blaze trail,
205790,62308,Black and whites,,NA,Blaze trail,
205790,62308,Black and whites,,NA,Blaze trail,
205790,62308,Black and whites,,NA,Blaze trail,
205790,62308,Black and whites,,NA,Blaze trail,
205790,62308,Black and whites,,NA,Blaze trail,
205770,62257,Black and whites,ZUK,NA,Blaze trail,
205770,62257,Black and whites,,NA,Blaze trail,
205770,62257,Black and whites,,NA,Blaze trail,
205770,62257,Black and whites,,NA,Blaze trail,
205770,62257,Black and whites,,NA,Blaze trail,
205770,62257,Black and whites,,NA,Blaze trail,
205770,62257,Black and whites,,NA,Blaze trail,
205770,62257,Black and whites,,NA,Blaze trail,
205780,62080,Black and whites,,NA,MUBFS laboratory,
205780,62080,Black and whites,,NA,MUBFS laboratory,
205744,62040,Black and whites,,NA,In front of open house,
205842,62076,Black and whites,,NA,Near MUBFS last dorm,
205842,62076,Black and whites,,NA,Near MUBFS last dorm,
205859,62050,Black and whites,ZUK,NA,Behind MUBFS dorms,
205859,62050,Black and whites,,NA,Behind MUBFS dorms,
205859,62050,Black and whites,,NA,Behind MUBFS dorms,
205859,62050,Black and whites,,NA,Behind MUBFS dorms,
205859,62050,Black and whites,,NA,Behind MUBFS dorms,
205859,62050,Black and whites,,NA,Behind MUBFS dorms,
205848,61982,Black and whites,,NA,logged area behind trail,
205848,61982,Black and whites,,NA,logged area behind trail,
205848,61982,Black and whites,,NA,logged area behind trail,
205848,61982,Black and whites,,NA,logged area behind trail,
205848,61982,Black and whites,,NA,logged area behind trail,
205908,61941,Black and whites,,NA,logged area btwn Z & F Trail,
205848,62021,Black and whites,KSB,NA,MUBFS tank,
205815,61962,Black and whites,,NA,Logged/ F,
205815,61962,Black and whites,,NA,Logged/ F,
205815,61962,Black and whites,,NA,Logged/ F,
205815,61962,Black and whites,,NA,Logged/ F,
205815,61962,Black and whites,,NA,Logged/ F,
205815,61962,Black and whites,,NA,Logged/ F,
205815,61962,Black and whites,,NA,Logged/ F,
205815,61962,Black and whites,,NA,Logged/ F,
205848,62021,Black and whites,,NA,MUBFS tank,
205848,62021,Black and whites,,NA,MUBFS tank,
205785,62079,Black and whites,,NA,MUBFS dorm,
205785,62079,Black and whites,,NA,MUBFS dorm,
205710,62078,Black and whites,KSB,NA,MUBFS Lab ,GPS 1 probably wrong
205710,62078,Black and whites,,NA,MUBFS Lab ,
205710,62078,Black and whites,,NA,MUBFS Lab ,
205710,62078,Black and whites,,NA,MUBFS Lab ,
205710,62078,Black and whites,,NA,MUBFS Lab ,
205710,62078,Black and whites,,NA,MUBFS Lab ,
205710,62078,Black and whites,,NA,MUBFS Lab ,
205710,62078,Black and whites,,NA,MUBFS Lab ,
205710,62078,Black and whites,,NA,MUBFS Lab ,
205710,62078,Black and whites,,NA,MUBFS Lab ,
205710,62078,Black and whites,,NA,MUBFS Lab ,
205710,62078,Black and whites,,NA,MUBFS Lab ,
205710,62078,Black and whites,,NA,MUBFS Lab ,same place all day
205866,62026,Black and whites,KSB,NA,MUBFS Tank,
205866,62026,Black and whites,,NA,MUBFS Tank,
205796,62008,Black and whites,,NA,White house,
205796,62008,Black and whites,,NA,White house,
205796,62008,Black and whites,,NA,White house,
205796,62008,Black and whites,,NA,White house,
205750,62032,Black and whites,,NA,MUBFS compound,
205750,62032,Black and whites,,NA,MUBFS compound,
205750,62032,Black and whites,,NA,MUBFS compound,
205714,61987,Black and whites,,NA,OPP museum,
205714,61987,Black and whites,,NA,OPP museum,
205714,61987,Black and whites,,NA,OPP museum,
205714,61987,Black and whites,,NA,Botanical,
205642,62010,Black and whites,KSB,NA,Botanical Gardens ,
205642,62010,Black and whites,,NA,Botanical Gardens ,
205642,62010,Black and whites,,NA,Botanical Gardens ,
205642,62010,Black and whites,,NA,Botanical Gardens ,
205642,62010,Black and whites,,NA,Botanical Gardens ,
205642,62010,Black and whites,,NA,Botanical Gardens ,
205642,62010,Black and whites,,NA,Botanical Gardens ,
205642,62010,Black and whites,,NA,Botanical Gardens ,
205642,62010,Black and whites,,NA,Botanical Gardens ,
205642,62010,Black and whites,,NA,Botanical Gardens ,
205642,62010,Black and whites,,NA,Botanical Gardens ,
205642,62010,Black and whites,,NA,Botanical Gardens ,
205642,62010,Black and whites,,NA,Botanical Gardens ,
205715,62187,Black and whites,KSB,NA,middle camp,
205715,62187,Black and whites,,NA,middle camp,
205715,62187,Black and whites,,NA,middle camp,
205766,62199,Black and whites,,NA,MUBFS toilets,
205766,62199,Black and whites,,NA,MUBFS toilets,
205715,62187,Black and whites,,NA,Middle camp,
205715,62187,Black and whites,,NA,Middle camp,
205715,62187,Black and whites,,NA,Middle camp,
205715,62187,Black and whites,,NA,Middle camp,
205715,62187,Black and whites,,NA,Middle camp,
205768,62223,Black and whites,,NA,middle camp,
205811,62233,Black and whites,,NA,middle camp,
205811,62233,Black and whites,,NA,middle camp,
205808,62232,Black and whites,NA,NA,Sumbers house,
205808,62232,Black and whites,,NA,Sumbers house,
205808,62232,Black and whites,,NA,Sumbers house,
205808,62232,Black and whites,,NA,Sumbers house,
205808,62232,Black and whites,,NA,Sumbers house,
205808,62232,Black and whites,,NA,Sumbers house,
205808,62232,Black and whites,,NA,Sumbers house,
205775,62070,Black and whites,,NA,MUBFS lab,
205775,62070,Black and whites,,NA,MUBFS lab,
205775,62070,Black and whites,,NA,MUBFS lab,
205837,62064,Black and whites,,NA,MUBFS dorm,
205837,62064,Black and whites,,NA,MUBFS dorm,
205837,62064,Black and whites,,NA,MUBFS dorm,
206989,62401,Mangabeys,LC2,7:56,S/6,"Weather: Cloudy, Partly cloudy, Sunny, Partly cloudy, Sunny"
205989,62401,Mangabeys,LC2,8:56,S/6,
205901,62494,Mangabeys,LC2,9:56,6/Kerambi Rd,
205901,62494,Mangabeys,LC2,10:56,6/Kerambi Rd,
205981,62520,Mangabeys,LC2,11:56,0/Kerambi Rd,
205998,62620,Mangabeys,LC2,12:56,Btn 9/Census & P,
205998,62620,Mangabeys,LC2,13:56,Btn 9/Census & P,
205998,62620,Mangabeys,LC2,14:56,Btn 9/Census & P,
205998,62620,Mangabeys,LC2,15:56,Btn 9/Census & P,
205981,62520,Mangabeys,LC2,16:56,0/Kermabi Rd ,
205998,62620,Mangabeys,LC2,17:56,Census -P/9,
205998,62620,Mangabeys,LC2,18:47,Census -P/9,
206212,62725,Mangabeys,LC1,7:40,Q/10,"Weather: Clear, Sunny, Partly cloudy "
206212,62725,Mangabeys,LC1,8:40,Q/10,
206097,62922,Mangabeys,LC1,9:40,N/16,
206123,63056,Mangabeys,LC1,10:40,Trail M,
206123,63056,Mangabeys,LC1,11:40,Trail M,
206096,63167,Mangabeys,LC1,12:40,Opp. 23/ Census Rd.,
206096,63167,Mangabeys,LC1,13:40,Opp. 23/ Census Rd.,
206096,63167,Mangabeys,LC1,14:40,Opp. 23/ Census Rd.,
206096,63167,Mangabeys,LC1,15:40,Opp. 23/ Census Rd.,
206096,63167,Mangabeys,LC1,16:40,Opp. 23/ Census Rd.,
206096,63167,Mangabeys,LC1,17:40,Opp. 23/ Census Rd.,
206096,63167,Mangabeys,LC1,18:40,Opp. 23/ Census Rd.,
206096,63167,Mangabeys,LC1,18:50,Opp. 23/ Census Rd.,
205811,63244,Mangabeys,LC2,8:32,D/600,Group found 
205837,63394,Mangabeys,LC2,9:32,F/700,
205837,63394,Mangabeys,LC2,10:32,F/700,
205837,63394,Mangabeys,LC2,11:32,F/700,
205861,63450,Mangabeys,LC2,12:32,F/800,
205861,63450,Mangabeys,LC2,13:32,F/800,
205837,63394,Mangabeys,LC2,14:32,F/700,
205837,63394,Mangabeys,LC2,15:32,F/700,
205801,63316,Mangabeys,LC2,16:32,F/mikana road,
205868,63268,Mangabeys,LC2,17:32,D/mikana road,
205837,63394,Mangabeys,LC2,18:32,F/700,
205837,63394,Mangabeys,LC2,18:53,F/700,
206101,63674,Mangabeys,LC2,8:03,T/7,"Weather: Cloudy, Clear, Sunny, Partly cloudy, Raining "
205978,62424,Mangabeys,LC2,9:03,R/6,GPS Satellites failed 
205978,62424,Mangabeys,LC2,10:03,R/6,Weather: Cloudy and Drippling 
205868,62397,Mangabeys,LC2,11:03,Q/4,
205868,62397,Mangabeys,LC2,12:03,Q/4,
205891,62500,Mangabeys,LC2,13:03,6/ Karambi road,
205990,62553,Mangabeys,LC2,14:03,8/ census road,
205990,62553,Mangabeys,LC2,15:03,8/ census road,
205990,62553,Mangabeys,LC2,16:03,Q/10,
206158,62624,Mangabeys,LC2,17:03,R/12,
206158,62624,Mangabeys,LC2,18:03,R/12,
206227,62686,Mangabeys,LC2,19:00,R/14,
206327,62613,Mangabeys,LC2,7:35,T/14,Group found 
206327,62613,Mangabeys,LC2,8:35,T/14,
206209,62417,Mangabeys,LC2,9:35,W/10,
206073,62378,Mangabeys,LC2,10:35,7-Apr,
205971,62421,Mangabeys,LC2,11:35,R/6,
205971,62421,Mangabeys,LC2,12:35,R/6,
206047,62520,Mangabeys,LC2,13:35,R/ Karambi road,
206095,62620,Mangabeys,LC2,14:35,Q/10,
206905,62620,Mangabeys,LC2,15:35,Q/10,
206905,62620,Mangabeys,LC2,16:35,Q/10,
206174,62656,Mangabeys,LC2,17:35,R/13,
206174,62656,Mangabeys,LC2,18:35,R/13,
206174,62656,Mangabeys,LC2,18:53,R/13,
206160,62482,Mangabeys,LC2,7:30,T/ Karambi Rd. ,"Weather: Clear, Sunny, Partly cloudy, Sunny, Partly cloudy"
206109,62378,Mangabeys,LC2,8:30,U/7,
205938,62396,Mangabeys,LC2,9:30,R/5,
205868,62394,Mangabeys,LC2,10:30,Q/4,
205868,62394,Mangabeys,LC2,11:30,Q/4,
205833,62467,Mangabeys,LC2,12:30,5/ Karambi road,
205763,62436,Mangabeys,LC2,13:30,Opp. Jess's house ,
205763,62436,Mangabeys,LC2,14:30,Opp. Jess's house ,
205779,62581,Mangabeys,LC2,15:30,Trail Bhd KCP (logged area),
205779,62581,Mangabeys,LC2,16:30,Trail Bhd KCP (logged area),
205779,62581,Mangabeys,LC2,17:30,Trail Bhd KCP (logged area),
205833,62467,Mangabeys,LC2,18:30,5/ Karambi Road,
205833,62467,Mangabeys,LC2,19:00,5/ Karambi Road,
206292,62034,Mangabeys,But.1,7:58,E/ Karmabi Rd ,"Weather: Clear, sunny, satellites failed"
206292,62034,Mangabeys,But.1,8:58,E/ Karmabi Rd ,Weather: Sunny
206185,61957,Mangabeys,But.1,9:58,D/4,Satellites failed 
206185,61957,Mangabeys,But.1,10:58,52/Q/E,
206185,61957,Mangabeys,But.1,11:58,H/-1,
206185,61957,Mangabeys,But.1,12:58,O/17,
206185,61957,Mangabeys,But.1,13:58,M/B,
206185,61957,Mangabeys,But.1,14:58,K/1,
206448,61757,Mangabeys,But.1,15:58,K/4,
206433,61917,Mangabeys,But.1,16:58,6/ Karambi Road,
206433,61917,Mangabeys,But.1,17:58,G/9,
206433,61917,Mangabeys,But.1,18:40,G/9,
206298,62075,Mangabeys,But.1,7:57,D/Karambi Rd. ,Group found 
206298,62075,Mangabeys,But.1,8:57,D/Karambi Rd. ,
206298,62075,Mangabeys,But.1,9:57,D/Karambi Rd. ,
206234,62095,Mangabeys,But.1,10:57,C/6,
206234,62095,Mangabeys,But.1,11:57,C/6,
206360,62207,Mangabeys,But.1,12:57,C/9,
206492,62197,Mangabeys,But.1,13:57,E/11,
206558,62214,Mangabeys,But.1,14:57,F/12,
206646,62180,Mangabeys,But.1,15:57,Q/10,
206646,62180,Mangabeys,But.1,16:13,Q/10,
206308,61956,Mangabeys,But.1 ,8:20,F/ Karambi Rd,"Weather: Sunny, Partly cloudy, Sunny"
206213,61791,Mangabeys,But.1 ,9:20,G/2,GPS ran out of batteries 
206164,61682,Mangabeys,But.1 ,10:20,H/0,
206240,61702,Mangabeys,But.1 ,11:20,H/1,
206238,61859,Mangabeys,But.1 ,12:20,F-G/3,
206238,61859,Mangabeys,But.1 ,13:20,F-G/3,
206240,62021,Mangabeys,But.1 ,14:20,D/5,
206240,62021,Mangabeys,But.1 ,15:20,C/6,
206240,62021,Mangabeys,But.1 ,16:20,C/6,
206240,62021,Mangabeys,But.1 ,17:20,C/6,
206240,62021,Mangabeys,But.1 ,18:20,B/6,
206240,62021,Mangabeys,But.1 ,18:55,B/6,
206863,62652,Mangabeys,N/A,7:46,C/23,"Weather: Clear, sunny, partly cloudy, cloudy, sunny"
206863,62652,Mangabeys,N/A,8:46,C/23,
206993,62617,Mangabeys,N/A,9:46,F/ GLT,
207101,62606,Mangabeys,N/A,10:46,I/ GLT Area,
207101,62606,Mangabeys,N/A,11:46,I/ GLT Area,
207101,62606,Mangabeys,N/A,12:46,I/ GLT Area,
207121,62421,Mangabeys,N/A,13:46,24/GLT,
206984,62416,Mangabeys,N/A,14:46,GLT/KCP Trail,
206801,62519,Mangabeys,N/A,15:46,E/20,
206801,62519,Mangabeys,N/A,16:46,E/20,
206801,62519,Mangabeys,N/A,17:46,E/20,
206801,62519,Mangabeys,N/A,18:46,C/19,
206801,62519,Mangabeys,N/A,18:50,C/19,
